url,latitude,longitude
https://olx.ba/artikal/71698283,,
https://olx.ba/artikal/71554658,43.714503,18.288786
https://olx.ba/artikal/70756410,43.901206,18.354117
https://olx.ba/artikal/71573692,43.850305,18.37447
https://olx.ba/artikal/41725027,43.864484,18.401032
https://olx.ba/artikal/71474528,43.800453,18.246421
https://olx.ba/artikal/71709610,43.858893,18.399583
https://olx.ba/artikal/71359171,43.731362,18.558222
https://olx.ba/artikal/70723825,,
https://olx.ba/artikal/71443446,43.875628,18.315744
https://olx.ba/artikal/71657945,43.907517,18.34683
https://olx.ba/artikal/71455854,43.846383,18.356379
https://olx.ba/artikal/59164145,43.869442,18.400227
https://olx.ba/artikal/43697347,,
https://olx.ba/artikal/70249776,43.823986,18.297959
https://olx.ba/artikal/71718316,43.863231,18.435523
https://olx.ba/artikal/71594562,,
https://olx.ba/artikal/71685003,43.842589,18.394185
https://olx.ba/artikal/71720362,,
https://olx.ba/artikal/60898666,43.838337,18.339986
https://olx.ba/artikal/56048389,,
https://olx.ba/artikal/55435743,,
https://olx.ba/artikal/71853143,,
https://olx.ba/artikal/67018563,43.877203,18.414569
https://olx.ba/artikal/70934866,43.873756,18.403539
https://olx.ba/artikal/70610239,,
https://olx.ba/artikal/71717702,43.820528,18.3605
https://olx.ba/artikal/71370088,,
https://olx.ba/artikal/71848023,43.855139,18.436698
https://olx.ba/artikal/70573482,43.871673,18.400763
https://olx.ba/artikal/70882089,43.850535,18.402105
https://olx.ba/artikal/71060836,43.845876,18.383308
https://olx.ba/artikal/68612185,43.843476,18.355147
https://olx.ba/artikal/71370399,,
https://olx.ba/artikal/71773746,43.874666,18.324135
https://olx.ba/artikal/71708880,,
https://olx.ba/artikal/70900603,43.869692,18.407212
https://olx.ba/artikal/55528199,43.859648,18.387468
https://olx.ba/artikal/71584711,,
https://olx.ba/artikal/55472754,43.848982,18.389706
https://olx.ba/artikal/37930793,,
https://olx.ba/artikal/62445459,43.846383,18.356379
https://olx.ba/artikal/71091386,43.860605,18.411421
https://olx.ba/artikal/71789588,,
https://olx.ba/artikal/71759423,43.866024,18.389309
https://olx.ba/artikal/71012360,43.796843,18.307066
https://olx.ba/artikal/71838974,43.824046,18.426997
https://olx.ba/artikal/71353815,,
https://olx.ba/artikal/71663763,43.9,18.369995
https://olx.ba/artikal/71851846,43.841023,18.326351
https://olx.ba/artikal/71756025,,
https://olx.ba/artikal/71354571,,
https://olx.ba/artikal/71422947,43.869453,18.403949
https://olx.ba/artikal/71720089,,
https://olx.ba/artikal/71525252,,
https://olx.ba/artikal/70798029,43.875906,18.403236
https://olx.ba/artikal/71676122,43.850409,18.376074
https://olx.ba/artikal/71755589,43.848696,18.368727
https://olx.ba/artikal/71793357,43.838444,18.347221
https://olx.ba/artikal/71598015,43.860095,18.442602
https://olx.ba/artikal/71549825,,
https://olx.ba/artikal/71551415,43.875132,18.202102
https://olx.ba/artikal/71864105,,
https://olx.ba/artikal/71857926,43.842603,18.354225
https://olx.ba/artikal/71746066,43.901387,18.344179
https://olx.ba/artikal/71746568,43.858893,18.399583
https://olx.ba/artikal/70844922,43.859785,18.347537
https://olx.ba/artikal/71243254,43.860175,18.431673
https://olx.ba/artikal/71547672,,
https://olx.ba/artikal/70253135,43.874666,18.324135
https://olx.ba/artikal/71714372,43.876723,18.40317
https://olx.ba/artikal/71744083,43.884408,18.417764
https://olx.ba/artikal/71831181,43.853455,18.357982
https://olx.ba/artikal/71854655,,
https://olx.ba/artikal/70623133,43.849642,18.354031
https://olx.ba/artikal/70519218,43.845582,18.368399
https://olx.ba/artikal/71721473,,
https://olx.ba/artikal/71819060,,
https://olx.ba/artikal/71719121,44.770647,17.213587
https://olx.ba/artikal/70641748,43.872042,18.400809
https://olx.ba/artikal/71803626,43.832598,18.301146
https://olx.ba/artikal/71864946,,
https://olx.ba/artikal/71668512,43.846237,18.371138
https://olx.ba/artikal/71026730,43.884075,18.411856
https://olx.ba/artikal/71684096,,
https://olx.ba/artikal/71582376,43.873078,18.419765
https://olx.ba/artikal/71723628,,
https://olx.ba/artikal/71667087,43.856809,18.410182
https://olx.ba/artikal/41720818,43.84859,18.3826
https://olx.ba/artikal/70840373,43.825377,18.369031
https://olx.ba/artikal/71240141,,
https://olx.ba/artikal/71829438,43.848494,18.381988
https://olx.ba/artikal/71350695,43.865221,18.432103
https://olx.ba/artikal/70404496,43.862348,18.363726
https://olx.ba/artikal/68699784,,
https://olx.ba/artikal/69066742,43.866908,18.404313
https://olx.ba/artikal/71741327,,
https://olx.ba/artikal/71742179,43.868566,18.406417
https://olx.ba/artikal/71552272,,
https://olx.ba/artikal/64075296,43.860448,18.412451
https://olx.ba/artikal/71857623,,
https://olx.ba/artikal/69563445,43.868119,18.396365
https://olx.ba/artikal/71707112,,
https://olx.ba/artikal/71403984,43.881327,18.400183
https://olx.ba/artikal/71681557,,
https://olx.ba/artikal/71575310,43.834177,18.337866
https://olx.ba/artikal/65909941,43.877869,18.410329
https://olx.ba/artikal/71573750,,
https://olx.ba/artikal/71790281,43.855788,18.433926
https://olx.ba/artikal/71837246,43.855472,18.408616
https://olx.ba/artikal/71661579,43.830524,18.350265
https://olx.ba/artikal/71079395,,
https://olx.ba/artikal/71177812,,
https://olx.ba/artikal/71714627,43.861432,18.413813
https://olx.ba/artikal/64346160,,
https://olx.ba/artikal/71389896,,
https://olx.ba/artikal/71842237,43.85075,18.380801
https://olx.ba/artikal/71846849,43.855297,18.380288
https://olx.ba/artikal/71845648,43.843093,18.325741
https://olx.ba/artikal/71731540,,
https://olx.ba/artikal/71401354,,
https://olx.ba/artikal/70388752,43.873125,18.412222
https://olx.ba/artikal/71562826,,
https://olx.ba/artikal/69834195,43.860169,18.425865
https://olx.ba/artikal/71659890,43.827679,18.352351
https://olx.ba/artikal/71848340,43.859639,18.401657
https://olx.ba/artikal/71788008,43.852171,18.369363
https://olx.ba/artikal/70622129,43.844285,18.351175
https://olx.ba/artikal/71683978,43.820686,18.365006
https://olx.ba/artikal/69930010,,
https://olx.ba/artikal/71669346,,
https://olx.ba/artikal/70635219,43.846383,18.356379
https://olx.ba/artikal/70252985,43.858085,18.367093
https://olx.ba/artikal/71486140,,
https://olx.ba/artikal/70084030,43.86173,18.42362
https://olx.ba/artikal/71584247,43.859442,18.412967
https://olx.ba/artikal/71454096,43.835096,18.318044
https://olx.ba/artikal/70659274,43.839483,18.323259
https://olx.ba/artikal/71668385,43.844023,18.347966
https://olx.ba/artikal/71873411,43.850834,18.379667
https://olx.ba/artikal/71861173,,
https://olx.ba/artikal/68843574,,
https://olx.ba/artikal/67704613,43.868176,18.434055
https://olx.ba/artikal/71722912,43.839086,18.324162
https://olx.ba/artikal/70637625,,
https://olx.ba/artikal/71211508,,
https://olx.ba/artikal/70861429,43.844638,18.382004
https://olx.ba/artikal/70680891,43.830618,18.307736
https://olx.ba/artikal/70811841,43.868402,18.423639
https://olx.ba/artikal/71510250,,
https://olx.ba/artikal/71611519,43.858221,18.409832
https://olx.ba/artikal/69833471,43.860365,18.434471
https://olx.ba/artikal/69559989,,
https://olx.ba/artikal/71804760,43.853908,18.383067
https://olx.ba/artikal/71627129,43.878172,18.415991
https://olx.ba/artikal/71428627,43.849893,18.391119
https://olx.ba/artikal/71597622,,
https://olx.ba/artikal/71457953,43.841149,18.343388
https://olx.ba/artikal/71729902,43.831929,18.308509
https://olx.ba/artikal/71376118,43.858893,18.399583
https://olx.ba/artikal/64213062,,
https://olx.ba/artikal/71814351,43.881809,18.3961
https://olx.ba/artikal/71820105,43.851098,18.395125
https://olx.ba/artikal/67855621,43.858674,18.434925
https://olx.ba/artikal/71487493,,
https://olx.ba/artikal/71783243,43.850831,18.38909
https://olx.ba/artikal/71243329,,
https://olx.ba/artikal/65373211,43.867136,18.424612
https://olx.ba/artikal/71707797,,
https://olx.ba/artikal/71857795,43.845074,18.348157
https://olx.ba/artikal/71602441,43.867551,18.424717
https://olx.ba/artikal/71512721,43.856335,18.411308
https://olx.ba/artikal/71588275,43.861309,18.413862
https://olx.ba/artikal/71674394,,
https://olx.ba/artikal/70905488,43.841122,18.343408
https://olx.ba/artikal/37126193,43.83234,18.345917
https://olx.ba/artikal/71816461,43.832796,18.344123
https://olx.ba/artikal/71847424,,
https://olx.ba/artikal/71822741,43.858893,18.399583
https://olx.ba/artikal/59848352,43.826696,18.359935
https://olx.ba/artikal/69888167,,
https://olx.ba/artikal/71516872,43.870395,18.405835
https://olx.ba/artikal/71696171,43.851252,18.389545
https://olx.ba/artikal/71300575,43.869736,18.406889
https://olx.ba/artikal/71568538,,
https://olx.ba/artikal/71772355,43.848587,18.389919
https://olx.ba/artikal/70071217,43.848962,18.38971
https://olx.ba/artikal/69342092,,
https://olx.ba/artikal/71473363,43.848962,18.38971
https://olx.ba/artikal/71026317,43.829212,18.326367
https://olx.ba/artikal/71045481,43.848231,18.399627
https://olx.ba/artikal/71076678,,
https://olx.ba/artikal/71045054,43.848245,18.399611
https://olx.ba/artikal/71610615,,
https://olx.ba/artikal/71839422,43.829878,18.334079
https://olx.ba/artikal/70646956,43.827596,18.357962
https://olx.ba/artikal/70462012,43.853833,18.380894
https://olx.ba/artikal/69662331,,
https://olx.ba/artikal/71707604,43.850031,18.393649
https://olx.ba/artikal/71543644,,
https://olx.ba/artikal/71537057,43.852711,18.378604
https://olx.ba/artikal/71516955,43.854936,18.388741
https://olx.ba/artikal/71657797,,
https://olx.ba/artikal/71800123,,
https://olx.ba/artikal/71452975,43.867466,18.415285
https://olx.ba/artikal/66673219,,
https://olx.ba/artikal/69099866,43.873382,18.412988
https://olx.ba/artikal/71391646,,
https://olx.ba/artikal/69992293,43.869334,18.451385
https://olx.ba/artikal/71574410,43.855957,18.432533
https://olx.ba/artikal/71026586,,
https://olx.ba/artikal/69231197,,
https://olx.ba/artikal/71790317,43.87102,18.405571
https://olx.ba/artikal/71790297,43.840942,18.328686
https://olx.ba/artikal/71852965,,
https://olx.ba/artikal/71616907,43.849951,18.362701
https://olx.ba/artikal/70583662,43.862915,18.416175
https://olx.ba/artikal/70974754,,
https://olx.ba/artikal/71811814,43.82935,18.358322
https://olx.ba/artikal/63708398,,
https://olx.ba/artikal/71722942,43.860351,18.412694
https://olx.ba/artikal/66856968,43.848962,18.38971
https://olx.ba/artikal/71369685,,
https://olx.ba/artikal/71844335,,
https://olx.ba/artikal/71768204,43.846261,18.383533
https://olx.ba/artikal/67163108,43.855535,18.418677
https://olx.ba/artikal/71515106,43.8554,18.419772
https://olx.ba/artikal/69988195,,
https://olx.ba/artikal/71769887,43.862145,18.417377
https://olx.ba/artikal/71587369,43.855092,18.421858
https://olx.ba/artikal/63842283,,
https://olx.ba/artikal/66992779,43.829416,18.344238
https://olx.ba/artikal/71733419,43.855381,18.417634
https://olx.ba/artikal/71511311,,
https://olx.ba/artikal/71846334,43.859868,18.412827
https://olx.ba/artikal/70506770,,
https://olx.ba/artikal/71516340,43.857881,18.405015
https://olx.ba/artikal/71382633,43.855984,18.42144
https://olx.ba/artikal/71409684,,
https://olx.ba/artikal/69707740,,
https://olx.ba/artikal/71578963,43.868292,18.406979
https://olx.ba/artikal/71283279,43.848813,18.399619
https://olx.ba/artikal/71218575,43.854236,18.380584
https://olx.ba/artikal/71684022,43.831212,18.337477
https://olx.ba/artikal/71696087,43.827811,18.341987
https://olx.ba/artikal/71478663,,
https://olx.ba/artikal/71794163,43.858892,18.403156
https://olx.ba/artikal/67010587,43.859981,18.426991
https://olx.ba/artikal/71514077,,
https://olx.ba/artikal/71343420,,
https://olx.ba/artikal/70025604,43.850166,18.360724
https://olx.ba/artikal/71008759,43.856095,18.41208
https://olx.ba/artikal/71673713,43.851559,18.394137
https://olx.ba/artikal/41473559,,
https://olx.ba/artikal/71855333,,
https://olx.ba/artikal/71586789,,
https://olx.ba/artikal/71641090,43.851123,18.397705
https://olx.ba/artikal/71666594,,
https://olx.ba/artikal/69429716,43.854164,18.380676
https://olx.ba/artikal/69108981,,
https://olx.ba/artikal/71738748,43.858504,18.404823
https://olx.ba/artikal/71122202,43.824535,18.350028
https://olx.ba/artikal/71409838,43.867177,18.408073
https://olx.ba/artikal/71817637,,
https://olx.ba/artikal/60357996,43.870368,18.421102
https://olx.ba/artikal/70897345,,
https://olx.ba/artikal/68436034,43.840637,18.325899
https://olx.ba/artikal/70709161,,
https://olx.ba/artikal/71645279,,
https://olx.ba/artikal/71855052,,
https://olx.ba/artikal/70623211,43.847408,18.242184
https://olx.ba/artikal/71767177,,
https://olx.ba/artikal/71731667,,
https://olx.ba/artikal/70708613,,
https://olx.ba/artikal/60252708,43.866185,18.431289
https://olx.ba/artikal/69926280,43.855142,18.414237
https://olx.ba/artikal/63660327,43.854753,18.430196
https://olx.ba/artikal/70404121,,
https://olx.ba/artikal/71759396,,
https://olx.ba/artikal/71853925,43.863922,18.415997
https://olx.ba/artikal/70922168,43.855472,18.408615
https://olx.ba/artikal/71559225,,
https://olx.ba/artikal/70278073,43.854735,18.416626
https://olx.ba/artikal/71789950,43.84794,18.361091
https://olx.ba/artikal/69655902,43.840168,18.32466
https://olx.ba/artikal/70199655,43.849764,18.366097
https://olx.ba/artikal/71390229,,
https://olx.ba/artikal/69836625,,
https://olx.ba/artikal/69723488,,
https://olx.ba/artikal/70230188,,
https://olx.ba/artikal/70222647,43.868748,18.423644
https://olx.ba/artikal/68282593,43.85991,18.4095
https://olx.ba/artikal/69183515,,
https://olx.ba/artikal/40476803,43.85994,18.427069
https://olx.ba/artikal/70446263,43.847026,18.377879
https://olx.ba/artikal/71612979,43.8582,18.426182
https://olx.ba/artikal/71705229,,
https://olx.ba/artikal/71537595,,
https://olx.ba/artikal/70065411,43.856121,18.432776
https://olx.ba/artikal/58051871,43.828616,18.330289
https://olx.ba/artikal/71415650,43.830618,18.307736
https://olx.ba/artikal/71440429,43.847991,18.370027
https://olx.ba/artikal/71813695,,
https://olx.ba/artikal/71853275,43.853687,18.371228
https://olx.ba/artikal/71736437,,
https://olx.ba/artikal/69626127,43.860558,18.411362
https://olx.ba/artikal/69435001,,
https://olx.ba/artikal/68636646,43.839512,18.326602
https://olx.ba/artikal/71599327,43.831929,18.308509
https://olx.ba/artikal/69463147,,
https://olx.ba/artikal/71715956,,
https://olx.ba/artikal/68599529,43.858067,18.406764
https://olx.ba/artikal/70984819,43.849707,18.360448
https://olx.ba/artikal/65833471,,
https://olx.ba/artikal/70121167,43.855026,18.377193
https://olx.ba/artikal/71746579,43.842478,18.332947
https://olx.ba/artikal/69157041,,
https://olx.ba/artikal/69262480,43.848679,18.380615
https://olx.ba/artikal/65202917,,
https://olx.ba/artikal/71686311,43.849848,18.360413
https://olx.ba/artikal/63991995,,
https://olx.ba/artikal/70852743,,
https://olx.ba/artikal/71538883,43.86033,18.388792
https://olx.ba/artikal/68827444,43.844883,18.372454
https://olx.ba/artikal/71069786,43.856137,18.412393
https://olx.ba/artikal/71296408,,
https://olx.ba/artikal/71578345,43.854301,18.420813
https://olx.ba/artikal/71730534,,
https://olx.ba/artikal/71461186,43.848388,18.386256
https://olx.ba/artikal/70570116,43.851139,18.405826
https://olx.ba/artikal/71583744,43.856003,18.423469
https://olx.ba/artikal/69704808,,
https://olx.ba/artikal/71546357,43.861602,18.423185
https://olx.ba/artikal/56774889,43.862736,18.422497
https://olx.ba/artikal/70904162,43.858315,18.422472
https://olx.ba/artikal/71657392,,
https://olx.ba/artikal/70589022,43.861898,18.423491
https://olx.ba/artikal/66500421,43.829885,18.30708
https://olx.ba/artikal/70788789,43.856713,18.38283
https://olx.ba/artikal/71523263,,
https://olx.ba/artikal/64742333,43.870847,18.419476
https://olx.ba/artikal/71722435,,
https://olx.ba/artikal/70863810,,
https://olx.ba/artikal/71045076,43.849669,18.386342
https://olx.ba/artikal/71766893,43.857928,18.42038
https://olx.ba/artikal/71399733,43.861518,18.423666
https://olx.ba/artikal/71154341,,
https://olx.ba/artikal/71611287,43.86173,18.42362
https://olx.ba/artikal/71177533,,
https://olx.ba/artikal/66027294,43.859366,18.402236
https://olx.ba/artikal/70484433,43.854936,18.388741
https://olx.ba/artikal/71427300,,
https://olx.ba/artikal/71171730,43.856504,18.383035
https://olx.ba/artikal/71634049,43.850533,18.392106
https://olx.ba/artikal/70584036,,
https://olx.ba/artikal/71740738,43.857674,18.415886
https://olx.ba/artikal/39856678,43.85402,18.388188
https://olx.ba/artikal/70753974,43.845837,18.392925
https://olx.ba/artikal/63383244,43.853698,18.389858
https://olx.ba/artikal/64753782,,
https://olx.ba/artikal/66073648,,
https://olx.ba/artikal/71783507,43.810489,18.320269
https://olx.ba/artikal/67355561,43.850209,18.360114
https://olx.ba/artikal/71236637,43.855091,18.386166
https://olx.ba/artikal/69840108,43.855461,18.432763
https://olx.ba/artikal/69555370,,
https://olx.ba/artikal/66395566,43.849673,18.360477
https://olx.ba/artikal/71579253,,
https://olx.ba/artikal/55925466,43.855143,18.386564
https://olx.ba/artikal/71847113,43.855066,18.386445
https://olx.ba/artikal/71742727,43.860917,18.422396
https://olx.ba/artikal/70739318,,
https://olx.ba/artikal/71575988,43.830269,18.29974
https://olx.ba/artikal/71753092,43.854921,18.38681
https://olx.ba/artikal/71576900,,
https://olx.ba/artikal/70990502,43.862581,18.426908
https://olx.ba/artikal/63805577,43.858141,18.412309
https://olx.ba/artikal/71629043,43.830618,18.307736
https://olx.ba/artikal/71742551,43.860917,18.422396
https://olx.ba/artikal/70962299,43.855472,18.408616
https://olx.ba/artikal/71785933,43.879059,18.415535
https://olx.ba/artikal/71380220,,
https://olx.ba/artikal/71593529,43.860295,18.425753
https://olx.ba/artikal/69116412,43.840658,18.323159
https://olx.ba/artikal/70873744,43.850013,18.360511
https://olx.ba/artikal/71418229,43.849818,18.361967
https://olx.ba/artikal/69489864,43.855317,18.423984
https://olx.ba/artikal/67847238,43.855539,18.43114
https://olx.ba/artikal/71633671,,
https://olx.ba/artikal/71354623,,
https://olx.ba/artikal/69431444,43.863134,18.414217
https://olx.ba/artikal/71095806,43.855282,18.386361
https://olx.ba/artikal/71608673,43.849692,18.360457
https://olx.ba/artikal/54073602,43.861672,18.414677
https://olx.ba/artikal/48781768,43.859875,18.427123
https://olx.ba/artikal/69489967,,
https://olx.ba/artikal/69426950,,
https://olx.ba/artikal/68981653,43.863848,18.425823
https://olx.ba/artikal/70908574,43.88162,18.397215
https://olx.ba/artikal/71691335,43.858021,18.409987
https://olx.ba/artikal/69018546,43.858639,18.422497
https://olx.ba/artikal/70461149,43.853181,18.380908
https://olx.ba/artikal/71536571,43.83859,18.297411
https://olx.ba/artikal/52139142,43.857564,18.414937
https://olx.ba/artikal/71230745,,
https://olx.ba/artikal/71499899,,
https://olx.ba/artikal/65510367,43.861985,18.425225
https://olx.ba/artikal/69412462,,
https://olx.ba/artikal/71499264,43.84995,18.361459
https://olx.ba/artikal/71769768,43.850804,18.239513
https://olx.ba/artikal/71704712,43.862521,18.417075
https://olx.ba/artikal/71731618,,
https://olx.ba/artikal/68981767,43.862179,18.421603
https://olx.ba/artikal/70101487,43.859573,18.432779
https://olx.ba/artikal/68436157,43.862729,18.41308
https://olx.ba/artikal/70929866,,
https://olx.ba/artikal/70794306,43.856926,18.407712
https://olx.ba/artikal/71550356,43.830618,18.307736
https://olx.ba/artikal/50059690,43.856214,18.411982
https://olx.ba/artikal/71731230,43.856652,18.417322
https://olx.ba/artikal/56961928,43.830491,18.295093
https://olx.ba/artikal/71849235,43.851349,18.36179
https://olx.ba/artikal/69987910,43.847012,18.360849
https://olx.ba/artikal/71210251,43.865634,18.409371
https://olx.ba/artikal/71535876,43.83859,18.297411
https://olx.ba/artikal/61683115,43.860771,18.412899
https://olx.ba/artikal/64578687,43.854986,18.38634
https://olx.ba/artikal/71291987,43.859493,18.408411
https://olx.ba/artikal/69126162,,
https://olx.ba/artikal/71722765,43.85964,18.408836
https://olx.ba/artikal/69390659,,
https://olx.ba/artikal/69792375,43.857437,18.421666
https://olx.ba/artikal/69263888,43.852483,18.376345
https://olx.ba/artikal/71022487,43.8524,18.374516
https://olx.ba/artikal/58740405,43.855461,18.432763
https://olx.ba/artikal/70873964,43.853485,18.383226
https://olx.ba/artikal/71681761,43.856416,18.429719
https://olx.ba/artikal/62664135,,
https://olx.ba/artikal/69809116,43.860365,18.434471
https://olx.ba/artikal/71560420,,
https://olx.ba/artikal/68801442,43.854785,18.420034
https://olx.ba/artikal/60657628,,
https://olx.ba/artikal/68344203,43.861195,18.424551
https://olx.ba/artikal/70993975,,
https://olx.ba/artikal/71537680,43.857887,18.407488
https://olx.ba/artikal/70680074,43.842848,18.325619
https://olx.ba/artikal/65007807,43.829112,18.308259
https://olx.ba/artikal/66013761,43.855612,18.416933
https://olx.ba/artikal/71499098,43.86425,18.414399
https://olx.ba/artikal/70751699,43.858865,18.4212
https://olx.ba/artikal/71286816,,
https://olx.ba/artikal/58174281,,
https://olx.ba/artikal/71457374,,
https://olx.ba/artikal/71695174,,
https://olx.ba/artikal/71690730,,
https://olx.ba/artikal/66855649,43.859379,18.417336
https://olx.ba/artikal/70804521,43.856121,18.432776
https://olx.ba/artikal/61389375,43.847084,18.389527
https://olx.ba/artikal/66012642,43.858556,18.413647
https://olx.ba/artikal/65111788,43.854785,18.420034
https://olx.ba/artikal/65680912,,
https://olx.ba/artikal/71511148,,
https://olx.ba/artikal/63440569,,
https://olx.ba/artikal/60171992,43.857998,18.427057
https://olx.ba/artikal/71205933,,
https://olx.ba/artikal/65437445,,
https://olx.ba/artikal/63309545,43.858101,18.4152
https://olx.ba/artikal/60565960,43.87371,18.402037
https://olx.ba/artikal/70388930,43.859762,18.406837
https://olx.ba/artikal/50631168,43.854363,18.419632
https://olx.ba/artikal/69661933,,
https://olx.ba/artikal/65345723,43.848355,18.398813
https://olx.ba/artikal/65454464,43.860917,18.422396
https://olx.ba/artikal/71746267,,
https://olx.ba/artikal/58200877,,
https://olx.ba/artikal/71293925,43.851618,18.405055
https://olx.ba/artikal/66279082,43.860917,18.422396
https://olx.ba/artikal/60198726,43.894147,18.415812
https://olx.ba/artikal/55369148,,
https://olx.ba/artikal/70022513,43.85162,18.402699
https://olx.ba/artikal/63296201,43.860475,18.426349
https://olx.ba/artikal/53984424,,
https://olx.ba/artikal/64487764,43.864362,18.437094
https://olx.ba/artikal/68459907,,
https://olx.ba/artikal/68451247,43.861936,18.403516
https://olx.ba/artikal/69531704,43.855472,18.408616
https://olx.ba/artikal/58048504,43.861166,18.403459
https://olx.ba/artikal/71361712,43.852885,18.389124
https://olx.ba/artikal/70881405,43.857517,18.420533
https://olx.ba/artikal/65227449,43.846114,18.384012
https://olx.ba/artikal/70960828,,
https://olx.ba/artikal/69848975,43.844707,18.399163
https://olx.ba/artikal/63408919,,
https://olx.ba/artikal/71764634,43.851311,18.404898
https://olx.ba/artikal/70967289,,
https://olx.ba/artikal/68456198,43.881162,18.395998
https://olx.ba/artikal/67587009,,
https://olx.ba/artikal/63848362,,
https://olx.ba/artikal/58403197,43.861262,18.403629
https://olx.ba/artikal/54061955,,
https://olx.ba/artikal/69508130,,
https://olx.ba/artikal/46988300,,
https://olx.ba/artikal/65224826,,
https://olx.ba/artikal/71780823,,
https://olx.ba/artikal/68018536,,
https://olx.ba/artikal/68145263,,
https://olx.ba/artikal/56140875,,
https://olx.ba/artikal/66994823,,
https://olx.ba/artikal/70864880,,
https://olx.ba/artikal/67240359,,
https://olx.ba/artikal/69286041,,
